{

"mostFrequentedArea" : [
{
"timestamp": "1741887019017.428",
"laitude": 50.06407,
"longitude": 21.41583,
"cell": 622027449518456831
},
{
"timestamp": "1741887019017.428",
"laitude": 50.06407,
"longitude": 21.41583,
"cell": 622027449518456831
}
]
 }